hour,posts_total,net_sentiment_posts,aware_launch
0,3811,0.600,0.024
3,16613,0.600,0.146
6,22089,0.600,0.263
9,33892,0.600,0.375
12,33818,0.600,0.458
15,6771,0.600,0.482
18,1702,0.600,0.485
21,5217,0.600,0.488
24,9583,0.600,0.506
27,9250,0.600,0.525
30,7807,0.381,0.537
33,7215,0.298,0.547
36,7696,0.230,0.556
39,1665,0.133,0.561
42,296,-0.450,0.565
45,1369,-0.005,0.569
48,2294,-0.010,0.573
51,2405,0.083,0.573
54,1850,-0.268,0.574
57,1369,-0.278,0.574
60,3256,0.042,0.574
63,1702,0.187,0.574
66,666,0.300,0.574
69,1332,0.194,0.574
72,5217,0.251,0.574
75,7252,0.277,0.574
78,6438,0.322,0.574
81,7992,0.347,0.574
84,7178,0.374,0.574
87,1924,0.392,0.574
90,555,0.393,0.574
93,1813,0.414,0.574
96,3182,0.405,0.574
99,3367,0.410,0.574
102,2886,0.397,0.574
105,2701,0.422,0.574
108,2812,0.364,0.574
111,888,0.379,0.574
114,185,0.160,0.574
117,370,0.360,0.574
